id,firstname,lastname,email,salary,department
1,Susan,Wilson,susan.wilson1@example.com,87989,Sales
2,Michael,King,michael.king2@example.com,70899,Operations
3,David,Wright,david.wright3@example.com,59476,Support
4,Michael,White,michael.white4@example.com,41640,Finance
5,Laura,Anderson,laura.anderson5@example.com,47151,Support
6,David,Johnson,david.johnson6@example.com,61934,Marketing
7,Ryan,King,ryan.king7@example.com,85750,Engineering
8,Robert,Johnson,robert.johnson8@example.com,66805,Engineering
9,Linda,Wilson,linda.wilson9@example.com,65705,Operations
10,Sophia,Taylor,sophia.taylor10@example.com,62061,Engineering
11,Linda,Lee,linda.lee11@example.com,81002,Engineering
12,Daniel,Wilson,daniel.wilson12@example.com,89261,Marketing
13,Sophia,Lewis,sophia.lewis13@example.com,89879,Support
14,Ryan,Wilson,ryan.wilson14@example.com,78925,Sales
15,Emily,Clark,emily.clark15@example.com,61639,Engineering
16,Linda,Walker,linda.walker16@example.com,40298,Support
17,James,Jackson,james.jackson17@example.com,43087,Sales
18,Robert,Walker,robert.walker18@example.com,89564,Support
19,George,Wright,george.wright19@example.com,54535,HR
20,Robert,Young,robert.young20@example.com,80826,Engineering
21,George,Jackson,george.jackson21@example.com,64493,Support
22,George,Wilson,george.wilson22@example.com,75174,Operations
23,Kevin,Jackson,kevin.jackson23@example.com,59581,Support
24,Sophia,Brown,sophia.brown24@example.com,63237,Finance
25,Laura,Taylor,laura.taylor25@example.com,89021,Finance
26,Ryan,Lee,ryan.lee26@example.com,75025,HR
27,Robert,Brown,robert.brown27@example.com,57432,HR
28,Patricia,Johnson,patricia.johnson28@example.com,57759,Marketing
29,Sophia,White,sophia.white29@example.com,72887,HR
30,Sophia,Jackson,sophia.jackson30@example.com,86802,Sales
31,Susan,Wright,susan.wright31@example.com,66588,Operations
32,Peter,Wright,peter.wright32@example.com,44064,Sales
33,James,Clark,james.clark33@example.com,48627,HR
34,Nancy,Taylor,nancy.taylor34@example.com,47202,Engineering
35,Olivia,Taylor,olivia.taylor35@example.com,80892,Sales
36,Ryan,Hall,ryan.hall36@example.com,79624,Operations
37,Patricia,Hall,patricia.hall37@example.com,58077,Marketing
38,David,Taylor,david.taylor38@example.com,57089,HR
39,Ryan,Walker,ryan.walker39@example.com,52185,HR
40,Emily,Doe,emily.doe40@example.com,57733,Operations
41,Robert,Thomas,robert.thomas41@example.com,53829,HR
42,Robert,Smith,robert.smith42@example.com,85729,HR
43,George,Walker,george.walker43@example.com,80135,Operations
44,Patricia,Johnson,patricia.johnson44@example.com,52229,Engineering
45,Linda,Martin,linda.martin45@example.com,59595,Marketing
46,Robert,Anderson,robert.anderson46@example.com,52145,Support
47,Chloe,Anderson,chloe.anderson47@example.com,74020,Operations
48,Olivia,Wilson,olivia.wilson48@example.com,82986,Sales
49,Nancy,Wright,nancy.wright49@example.com,53893,Marketing
50,Kevin,Thomas,kevin.thomas50@example.com,55952,Sales
51,Emily,Brown,emily.brown51@example.com,75201,Support
52,Peter,Martin,peter.martin52@example.com,57938,Sales
53,Nancy,Martin,nancy.martin53@example.com,83017,Finance
54,Patricia,Allen,patricia.allen54@example.com,87469,Finance
55,Daniel,White,daniel.white55@example.com,88246,Finance
56,Jane,Brown,jane.brown56@example.com,57458,HR
57,David,Lewis,david.lewis57@example.com,47335,Sales
58,Nancy,White,nancy.white58@example.com,72187,Finance
59,Michael,King,michael.king59@example.com,83686,HR
60,George,Young,george.young60@example.com,49343,Finance
61,Peter,Young,peter.young61@example.com,65413,Support
62,Daniel,Walker,daniel.walker62@example.com,76606,Sales
63,Ryan,Anderson,ryan.anderson63@example.com,70475,Sales
64,Ryan,Hall,ryan.hall64@example.com,77052,Operations
65,Laura,Clark,laura.clark65@example.com,47886,Marketing
66,Robert,Lewis,robert.lewis66@example.com,64818,Support
67,Robert,Wright,robert.wright67@example.com,58092,Finance
68,John,Taylor,john.taylor68@example.com,73845,Support
69,John,Smith,john.smith69@example.com,52842,Marketing
70,Jane,Wright,jane.wright70@example.com,42088,Finance
71,Robert,White,robert.white71@example.com,45650,Engineering
72,George,Doe,george.doe72@example.com,69507,Operations
73,Kevin,Jackson,kevin.jackson73@example.com,65554,Sales
74,Nancy,Taylor,nancy.taylor74@example.com,43267,Marketing
75,Daniel,Walker,daniel.walker75@example.com,74604,Finance
76,Michael,Brown,michael.brown76@example.com,70898,Engineering
77,David,Hall,david.hall77@example.com,66216,HR
78,Susan,Lee,susan.lee78@example.com,81791,Engineering
79,Patricia,Wright,patricia.wright79@example.com,75247,Support
80,David,Allen,david.allen80@example.com,76869,Support
81,John,Jackson,john.jackson81@example.com,75615,Sales
82,Emily,Hall,emily.hall82@example.com,44394,Support
83,Michael,Wilson,michael.wilson83@example.com,85201,Finance
84,James,Hall,james.hall84@example.com,84743,Engineering
85,Daniel,Young,daniel.young85@example.com,70039,Marketing
86,Michael,Hall,michael.hall86@example.com,70598,Operations
87,Chloe,Wilson,chloe.wilson87@example.com,42230,Marketing
88,Peter,Clark,peter.clark88@example.com,59956,HR
89,John,Wright,john.wright89@example.com,75868,Support
90,Sophia,Lee,sophia.lee90@example.com,55127,Operations
91,Jane,Johnson,jane.johnson91@example.com,47132,Support
92,George,Wright,george.wright92@example.com,45237,Marketing
93,Michael,Allen,michael.allen93@example.com,77946,Finance
94,Laura,White,laura.white94@example.com,57347,Support
95,Kevin,Doe,kevin.doe95@example.com,70098,Sales
96,Patricia,Brown,patricia.brown96@example.com,87181,Sales
97,Nancy,King,nancy.king97@example.com,86421,Marketing
98,George,Wright,george.wright98@example.com,70383,Operations
99,Michael,Smith,michael.smith99@example.com,79084,HR
100,Jane,Brown,jane.brown100@example.com,57914,Marketing
101,John,Allen,john.allen101@example.com,78336,HR
102,Chloe,Jackson,chloe.jackson102@example.com,72124,Sales
103,Susan,Johnson,susan.johnson103@example.com,47583,HR
104,Laura,Young,laura.young104@example.com,78709,Operations
105,Chloe,Walker,chloe.walker105@example.com,41487,Support
106,Susan,King,susan.king106@example.com,71301,Operations
107,Chloe,Johnson,chloe.johnson107@example.com,63060,Sales
108,Robert,Jackson,robert.jackson108@example.com,62706,Support
109,Daniel,Doe,daniel.doe109@example.com,72209,HR
110,George,Hall,george.hall110@example.com,79162,Support
111,Kevin,Clark,kevin.clark111@example.com,43067,Operations
112,Patricia,White,patricia.white112@example.com,67789,Operations
113,Emily,Walker,emily.walker113@example.com,47381,Support
114,Olivia,Johnson,olivia.johnson114@example.com,65779,Operations
115,Robert,Hall,robert.hall115@example.com,48482,Support
116,Chloe,Clark,chloe.clark116@example.com,84559,Finance
117,Linda,Allen,linda.allen117@example.com,69827,Finance
118,Chloe,Young,chloe.young118@example.com,56065,Operations
119,David,Walker,david.walker119@example.com,41558,HR
120,Kevin,Jackson,kevin.jackson120@example.com,56105,Finance
121,John,Hall,john.hall121@example.com,40236,HR
122,Linda,Taylor,linda.taylor122@example.com,65263,Support
123,James,Walker,james.walker123@example.com,58052,Support
124,Peter,Lee,peter.lee124@example.com,75406,HR
125,Emily,Taylor,emily.taylor125@example.com,75375,Marketing
126,Kevin,Doe,kevin.doe126@example.com,41531,Support
127,Michael,King,michael.king127@example.com,79327,Support
128,James,Hall,james.hall128@example.com,62234,Operations
129,Peter,Jackson,peter.jackson129@example.com,42689,Operations
130,Linda,Johnson,linda.johnson130@example.com,70161,HR
131,Emily,Brown,emily.brown131@example.com,41900,Sales
132,Emily,White,emily.white132@example.com,57012,Marketing
133,Peter,Young,peter.young133@example.com,85528,HR
134,Kevin,Anderson,kevin.anderson134@example.com,52361,Marketing
135,James,Lee,james.lee135@example.com,40059,Sales
136,Susan,Allen,susan.allen136@example.com,73837,Support
137,George,Wilson,george.wilson137@example.com,46079,Operations
138,Emily,Thomas,emily.thomas138@example.com,71086,Engineering
139,David,Thomas,david.thomas139@example.com,75504,HR
140,Laura,Wilson,laura.wilson140@example.com,48130,Support
141,Emily,Brown,emily.brown141@example.com,65041,Engineering
142,Susan,Brown,susan.brown142@example.com,41024,Engineering
143,Kevin,King,kevin.king143@example.com,69919,Operations
144,Olivia,Hall,olivia.hall144@example.com,75100,Support
145,Nancy,Young,nancy.young145@example.com,62178,Marketing
146,James,Martin,james.martin146@example.com,88690,HR
147,John,Martin,john.martin147@example.com,44572,Support
148,Kevin,King,kevin.king148@example.com,44110,HR
149,David,Walker,david.walker149@example.com,63688,Finance
150,Emily,Johnson,emily.johnson150@example.com,73158,Engineering
151,Laura,Taylor,laura.taylor151@example.com,84191,Operations
152,David,Smith,david.smith152@example.com,70141,HR
153,Chloe,Taylor,chloe.taylor153@example.com,44193,Finance
154,James,White,james.white154@example.com,74141,Support
155,Chloe,Doe,chloe.doe155@example.com,49134,Sales
156,David,Doe,david.doe156@example.com,76094,Sales
157,George,Jackson,george.jackson157@example.com,60581,Engineering
158,Ryan,Martin,ryan.martin158@example.com,75774,Operations
159,Sophia,Wilson,sophia.wilson159@example.com,58800,Engineering
160,Sophia,Lewis,sophia.lewis160@example.com,56949,HR
161,Nancy,Hall,nancy.hall161@example.com,88224,Finance
162,Nancy,King,nancy.king162@example.com,81960,HR
163,Peter,Anderson,peter.anderson163@example.com,68447,Operations
164,Michael,Thomas,michael.thomas164@example.com,70905,Engineering
165,Linda,Taylor,linda.taylor165@example.com,86058,Operations
166,Laura,Johnson,laura.johnson166@example.com,54542,Operations
167,Olivia,Lee,olivia.lee167@example.com,41291,HR
168,Peter,Jackson,peter.jackson168@example.com,75857,HR
169,Chloe,Lewis,chloe.lewis169@example.com,58330,HR
170,John,Walker,john.walker170@example.com,77274,Finance
171,Robert,Hall,robert.hall171@example.com,72455,Sales
172,Emily,Doe,emily.doe172@example.com,73450,Operations
173,Robert,King,robert.king173@example.com,80429,Operations
174,Patricia,Wright,patricia.wright174@example.com,51960,Operations
175,Linda,Taylor,linda.taylor175@example.com,87086,Marketing
176,Susan,Hall,susan.hall176@example.com,53543,Sales
177,George,Jackson,george.jackson177@example.com,78911,HR
178,Laura,Taylor,laura.taylor178@example.com,52133,Sales
179,Michael,White,michael.white179@example.com,73581,Support
180,Peter,Thomas,peter.thomas180@example.com,48903,Sales
181,James,Doe,james.doe181@example.com,85825,Marketing
182,Ryan,Lewis,ryan.lewis182@example.com,59979,Marketing
183,Kevin,Wilson,kevin.wilson183@example.com,76043,Support
184,Michael,Walker,michael.walker184@example.com,43693,Marketing
185,Peter,Hall,peter.hall185@example.com,89474,Support
186,Peter,Allen,peter.allen186@example.com,63713,Sales
187,Ryan,Walker,ryan.walker187@example.com,52496,Marketing
188,Peter,Martin,peter.martin188@example.com,66321,Finance
189,Nancy,Lee,nancy.lee189@example.com,77673,Engineering
190,George,Hall,george.hall190@example.com,59437,HR
191,Kevin,Allen,kevin.allen191@example.com,80476,Operations
192,Kevin,Taylor,kevin.taylor192@example.com,47729,HR
193,Jane,Wright,jane.wright193@example.com,63362,HR
194,David,Thomas,david.thomas194@example.com,85156,Operations
195,James,Doe,james.doe195@example.com,86293,HR
196,Susan,Thomas,susan.thomas196@example.com,83457,HR
197,Peter,Hall,peter.hall197@example.com,64734,Marketing
198,Peter,Hall,peter.hall198@example.com,48818,Finance
199,Sophia,Taylor,sophia.taylor199@example.com,81491,Engineering
200,Susan,Lewis,susan.lewis200@example.com,70241,Sales
201,James,Martin,james.martin201@example.com,51085,Finance
202,Laura,King,laura.king202@example.com,76776,HR
203,Laura,Clark,laura.clark203@example.com,71362,Sales
204,George,Walker,george.walker204@example.com,80132,Support
205,Patricia,Thomas,patricia.thomas205@example.com,44798,Sales
206,Kevin,Clark,kevin.clark206@example.com,68777,Operations
207,Linda,Clark,linda.clark207@example.com,71196,Engineering
208,George,Taylor,george.taylor208@example.com,55178,Sales
209,Jane,Martin,jane.martin209@example.com,69245,Finance
210,David,Hall,david.hall210@example.com,54066,Sales
211,George,Lewis,george.lewis211@example.com,54843,Operations
212,James,Lee,james.lee212@example.com,65257,Marketing
213,Patricia,White,patricia.white213@example.com,65474,Marketing
214,George,Brown,george.brown214@example.com,72980,Support
215,Robert,Wilson,robert.wilson215@example.com,62349,Finance
216,John,Young,john.young216@example.com,60531,Finance
217,Nancy,Jackson,nancy.jackson217@example.com,76948,HR
218,Patricia,White,patricia.white218@example.com,52233,Marketing
219,Sophia,Hall,sophia.hall219@example.com,65127,HR
220,David,Smith,david.smith220@example.com,83578,HR
221,Nancy,Wilson,nancy.wilson221@example.com,61710,Finance
222,David,Wilson,david.wilson222@example.com,88554,Engineering
223,Linda,Young,linda.young223@example.com,62051,Engineering
224,Nancy,White,nancy.white224@example.com,69316,Finance
225,Daniel,Lee,daniel.lee225@example.com,82550,Finance
226,Patricia,Lewis,patricia.lewis226@example.com,83011,Operations
227,Kevin,Anderson,kevin.anderson227@example.com,57144,Finance
228,Jane,Lee,jane.lee228@example.com,73464,HR
229,Chloe,Thomas,chloe.thomas229@example.com,71182,Marketing
230,Chloe,Johnson,chloe.johnson230@example.com,76168,Finance
231,Robert,Taylor,robert.taylor231@example.com,52517,Sales
232,David,Young,david.young232@example.com,69326,Sales
233,Olivia,Hall,olivia.hall233@example.com,66476,Engineering
234,Peter,Doe,peter.doe234@example.com,69540,Operations
235,Jane,Wilson,jane.wilson235@example.com,80543,Marketing
236,James,Lewis,james.lewis236@example.com,79001,Support
237,David,Martin,david.martin237@example.com,86321,Support
238,Laura,Clark,laura.clark238@example.com,56137,Marketing
239,Linda,Young,linda.young239@example.com,74205,HR
240,Michael,Wilson,michael.wilson240@example.com,54778,Engineering
241,David,Doe,david.doe241@example.com,76589,Support
242,Peter,Wright,peter.wright242@example.com,64674,Sales
243,Daniel,Walker,daniel.walker243@example.com,42707,Marketing
244,Robert,Johnson,robert.johnson244@example.com,61410,Engineering
245,Peter,Wilson,peter.wilson245@example.com,75945,Support
246,Peter,King,peter.king246@example.com,46189,HR
247,David,Doe,david.doe247@example.com,87437,HR
248,David,King,david.king248@example.com,40677,Support
249,Michael,Wilson,michael.wilson249@example.com,52764,Finance
250,David,Smith,david.smith250@example.com,46433,Finance
251,Patricia,Doe,patricia.doe251@example.com,79994,Engineering
252,Ryan,Walker,ryan.walker252@example.com,46497,HR
253,Patricia,Walker,patricia.walker253@example.com,78619,Engineering
254,Olivia,Allen,olivia.allen254@example.com,47462,Marketing
255,Laura,Young,laura.young255@example.com,69041,Support
256,Daniel,Young,daniel.young256@example.com,58802,HR
257,Robert,Walker,robert.walker257@example.com,58469,Operations
258,Sophia,Young,sophia.young258@example.com,55543,Engineering
259,Chloe,Wright,chloe.wright259@example.com,48784,Operations
260,Michael,Anderson,michael.anderson260@example.com,66220,Operations
261,Chloe,Lewis,chloe.lewis261@example.com,47075,Finance
262,Michael,White,michael.white262@example.com,48473,Engineering
263,Olivia,Hall,olivia.hall263@example.com,48294,Sales
264,Chloe,Lee,chloe.lee264@example.com,62888,Support
265,Patricia,White,patricia.white265@example.com,48265,HR
266,Daniel,Taylor,daniel.taylor266@example.com,73060,Engineering
267,Ryan,Wilson,ryan.wilson267@example.com,55288,Operations
268,John,Thomas,john.thomas268@example.com,71004,Engineering
269,George,Thomas,george.thomas269@example.com,40198,Operations
270,Peter,Johnson,peter.johnson270@example.com,78943,Support
271,Jane,Wright,jane.wright271@example.com,70553,Operations
272,Jane,Hall,jane.hall272@example.com,44253,Support
273,Linda,Jackson,linda.jackson273@example.com,82164,Marketing
274,Nancy,Walker,nancy.walker274@example.com,53722,Engineering
275,Laura,Wilson,laura.wilson275@example.com,77043,Support
276,Ryan,Taylor,ryan.taylor276@example.com,81457,HR
277,Chloe,Johnson,chloe.johnson277@example.com,61555,Marketing
278,Ryan,White,ryan.white278@example.com,46799,HR
279,Chloe,Thomas,chloe.thomas279@example.com,85889,Marketing
280,Laura,Doe,laura.doe280@example.com,59773,Marketing
281,Jane,Taylor,jane.taylor281@example.com,65863,Operations
282,David,Walker,david.walker282@example.com,78639,Sales
283,George,Doe,george.doe283@example.com,43421,Finance
284,Jane,Martin,jane.martin284@example.com,63224,Support
285,Michael,Taylor,michael.taylor285@example.com,84398,Finance
286,Sophia,Lewis,sophia.lewis286@example.com,58465,Marketing
287,David,Smith,david.smith287@example.com,60686,Support
288,Peter,Lee,peter.lee288@example.com,57857,Operations
289,Peter,Jackson,peter.jackson289@example.com,75199,Marketing
290,Michael,Wright,michael.wright290@example.com,88376,Support
291,Kevin,Allen,kevin.allen291@example.com,81241,Operations
292,Michael,Thomas,michael.thomas292@example.com,48186,Support
293,Sophia,Smith,sophia.smith293@example.com,74559,Marketing
294,David,Brown,david.brown294@example.com,61980,Operations
295,Nancy,Taylor,nancy.taylor295@example.com,74081,Sales
296,Nancy,Taylor,nancy.taylor296@example.com,85120,Operations
297,Jane,Young,jane.young297@example.com,86911,Engineering
298,Kevin,White,kevin.white298@example.com,72499,HR
299,Michael,Lee,michael.lee299@example.com,71485,Support
300,John,Young,john.young300@example.com,41637,Sales
301,Sophia,Thomas,sophia.thomas301@example.com,48841,Operations
302,Laura,Martin,laura.martin302@example.com,50657,Support
303,Ryan,Doe,ryan.doe303@example.com,60097,Operations
304,Susan,Thomas,susan.thomas304@example.com,69218,Marketing
305,Olivia,Wilson,olivia.wilson305@example.com,74136,Marketing
306,Peter,Walker,peter.walker306@example.com,60850,Marketing
307,George,Johnson,george.johnson307@example.com,55315,Finance
308,Jane,Wright,jane.wright308@example.com,68306,Support
309,Michael,Thomas,michael.thomas309@example.com,68805,HR
310,Nancy,Clark,nancy.clark310@example.com,70983,Support
311,Sophia,Doe,sophia.doe311@example.com,84443,Sales
312,George,Wright,george.wright312@example.com,47891,Marketing
313,Ryan,Allen,ryan.allen313@example.com,45135,Sales
314,Sophia,Martin,sophia.martin314@example.com,78866,Finance
315,John,Thomas,john.thomas315@example.com,67381,Finance
316,Peter,King,peter.king316@example.com,51285,Marketing
317,Kevin,Smith,kevin.smith317@example.com,41049,Engineering
318,Robert,Clark,robert.clark318@example.com,85043,Marketing
319,Michael,Jackson,michael.jackson319@example.com,66092,HR
320,Kevin,Johnson,kevin.johnson320@example.com,79901,Engineering
321,Laura,Young,laura.young321@example.com,70651,Engineering
322,Linda,Lee,linda.lee322@example.com,68540,HR
323,Sophia,Hall,sophia.hall323@example.com,59095,Marketing
324,Kevin,Wilson,kevin.wilson324@example.com,54988,Marketing
325,Jane,King,jane.king325@example.com,66859,HR
326,Michael,Wilson,michael.wilson326@example.com,82762,Marketing
327,Susan,Lewis,susan.lewis327@example.com,55011,Engineering
328,Robert,Wright,robert.wright328@example.com,49176,Operations
329,Olivia,King,olivia.king329@example.com,85226,Engineering
330,Michael,Doe,michael.doe330@example.com,80546,Engineering
331,Patricia,Anderson,patricia.anderson331@example.com,49281,Marketing
332,Peter,Young,peter.young332@example.com,60576,Operations
333,Linda,Thomas,linda.thomas333@example.com,75307,Sales
334,John,Allen,john.allen334@example.com,50483,Support
335,Michael,Thomas,michael.thomas335@example.com,71078,Engineering
336,Robert,Smith,robert.smith336@example.com,86102,Engineering
337,Susan,Lewis,susan.lewis337@example.com,82374,Operations
338,Linda,Walker,linda.walker338@example.com,75695,Engineering
339,Jane,Clark,jane.clark339@example.com,51155,Finance
340,Daniel,Taylor,daniel.taylor340@example.com,87577,Finance
341,Kevin,Johnson,kevin.johnson341@example.com,72327,Sales
342,Robert,Jackson,robert.jackson342@example.com,52387,Engineering
343,James,Young,james.young343@example.com,62522,Support
344,Sophia,White,sophia.white344@example.com,45376,Sales
345,Jane,White,jane.white345@example.com,73952,Engineering
346,Robert,Doe,robert.doe346@example.com,40419,Marketing
347,George,Brown,george.brown347@example.com,82770,Marketing
348,Kevin,Brown,kevin.brown348@example.com,53691,Marketing
349,Patricia,Thomas,patricia.thomas349@example.com,72544,Operations
350,Susan,Hall,susan.hall350@example.com,80309,Marketing
351,Nancy,Thomas,nancy.thomas351@example.com,84444,Support
352,Laura,Lewis,laura.lewis352@example.com,45589,Support
353,Ryan,Wilson,ryan.wilson353@example.com,78217,Operations
354,Daniel,Jackson,daniel.jackson354@example.com,45477,Finance
355,Ryan,Smith,ryan.smith355@example.com,72045,Finance
356,Sophia,Taylor,sophia.taylor356@example.com,63332,Marketing
357,Michael,Johnson,michael.johnson357@example.com,72474,Finance
358,Patricia,Johnson,patricia.johnson358@example.com,79719,HR
359,Daniel,Lewis,daniel.lewis359@example.com,68855,HR
360,Emily,Wilson,emily.wilson360@example.com,41440,Finance
361,John,Lewis,john.lewis361@example.com,81245,Marketing
362,Sophia,Allen,sophia.allen362@example.com,88419,Finance
363,Laura,Lee,laura.lee363@example.com,76428,Sales
364,David,Taylor,david.taylor364@example.com,48680,Support
365,Robert,Allen,robert.allen365@example.com,40730,Finance
366,Sophia,Martin,sophia.martin366@example.com,81711,HR
367,Chloe,Taylor,chloe.taylor367@example.com,80972,Sales
368,Daniel,Young,daniel.young368@example.com,58908,Engineering
369,Jane,Clark,jane.clark369@example.com,88045,Operations
370,John,Lewis,john.lewis370@example.com,41573,Operations
371,Peter,Wilson,peter.wilson371@example.com,68321,Operations
372,Daniel,Young,daniel.young372@example.com,56811,Engineering
373,Ryan,Lewis,ryan.lewis373@example.com,59780,Operations
374,Jane,Brown,jane.brown374@example.com,79470,Engineering
375,Olivia,Hall,olivia.hall375@example.com,57369,Support
376,Peter,Johnson,peter.johnson376@example.com,53476,Marketing
377,Daniel,Taylor,daniel.taylor377@example.com,55932,HR
378,Sophia,Walker,sophia.walker378@example.com,47652,HR
379,Laura,Brown,laura.brown379@example.com,88734,HR
380,Linda,Hall,linda.hall380@example.com,67839,HR
381,Emily,King,emily.king381@example.com,52415,Marketing
382,James,Martin,james.martin382@example.com,47827,HR
383,Sophia,Brown,sophia.brown383@example.com,72884,Marketing
384,Olivia,Smith,olivia.smith384@example.com,69775,Support
385,Chloe,Martin,chloe.martin385@example.com,84673,Marketing
386,Nancy,Thomas,nancy.thomas386@example.com,41859,Support
387,Patricia,Brown,patricia.brown387@example.com,56684,Support
388,David,Martin,david.martin388@example.com,68395,Operations
389,Chloe,Wright,chloe.wright389@example.com,68235,Operations
390,Michael,Anderson,michael.anderson390@example.com,74757,Operations
391,Laura,Jackson,laura.jackson391@example.com,80259,HR
392,Kevin,Walker,kevin.walker392@example.com,65063,Support
393,Jane,Doe,jane.doe393@example.com,83498,HR
394,Nancy,Thomas,nancy.thomas394@example.com,86824,Support
395,Jane,Wright,jane.wright395@example.com,46930,Marketing
396,Peter,Jackson,peter.jackson396@example.com,73577,Support
397,Kevin,Jackson,kevin.jackson397@example.com,49196,Sales
398,Jane,Thomas,jane.thomas398@example.com,79854,Support
399,Olivia,Thomas,olivia.thomas399@example.com,80501,Sales
400,George,King,george.king400@example.com,60720,HR
401,Olivia,Taylor,olivia.taylor401@example.com,77634,Support
402,Daniel,Wilson,daniel.wilson402@example.com,55863,HR
403,Kevin,Brown,kevin.brown403@example.com,43218,Operations
404,Laura,Lewis,laura.lewis404@example.com,42535,HR
405,Ryan,Johnson,ryan.johnson405@example.com,66294,Marketing
406,Peter,Allen,peter.allen406@example.com,46542,Finance
407,Emily,Clark,emily.clark407@example.com,54957,Sales
408,Sophia,Walker,sophia.walker408@example.com,57808,Support
409,Peter,Smith,peter.smith409@example.com,83160,Support
410,Emily,Wilson,emily.wilson410@example.com,52739,Finance
411,Olivia,King,olivia.king411@example.com,48032,Engineering
412,Chloe,Smith,chloe.smith412@example.com,52281,Operations
413,Chloe,Brown,chloe.brown413@example.com,48026,Finance
414,Laura,King,laura.king414@example.com,77183,Engineering
415,Jane,Anderson,jane.anderson415@example.com,57112,Support
416,Chloe,Doe,chloe.doe416@example.com,85655,Operations
417,Peter,Thomas,peter.thomas417@example.com,74603,Engineering
418,Ryan,Young,ryan.young418@example.com,80258,Operations
419,Patricia,Hall,patricia.hall419@example.com,48878,Engineering
420,Jane,Wilson,jane.wilson420@example.com,88766,HR
421,Daniel,White,daniel.white421@example.com,63390,Finance
422,John,Hall,john.hall422@example.com,68545,Finance
423,Ryan,Lewis,ryan.lewis423@example.com,84018,Sales
424,Jane,White,jane.white424@example.com,63930,Finance
425,Michael,Lewis,michael.lewis425@example.com,50114,Engineering
426,Laura,Thomas,laura.thomas426@example.com,67796,Finance
427,Linda,Hall,linda.hall427@example.com,53032,Marketing
428,Robert,King,robert.king428@example.com,85700,Engineering
429,Kevin,Wilson,kevin.wilson429@example.com,51094,Sales
430,James,Anderson,james.anderson430@example.com,83341,Engineering
431,Jane,Lewis,jane.lewis431@example.com,79992,Engineering
432,Robert,Brown,robert.brown432@example.com,75148,Operations
433,Jane,White,jane.white433@example.com,77542,Finance
434,Emily,Hall,emily.hall434@example.com,74085,HR
435,Daniel,Johnson,daniel.johnson435@example.com,57623,Marketing
436,Susan,Martin,susan.martin436@example.com,70844,Sales
437,Susan,White,susan.white437@example.com,53538,Operations
438,John,Lewis,john.lewis438@example.com,74146,Finance
439,Patricia,Clark,patricia.clark439@example.com,54575,Marketing
440,Chloe,Jackson,chloe.jackson440@example.com,41800,Finance
441,Ryan,Doe,ryan.doe441@example.com,44110,Engineering
442,Kevin,Wilson,kevin.wilson442@example.com,76051,Marketing
443,Ryan,Young,ryan.young443@example.com,40131,Marketing
444,Kevin,Taylor,kevin.taylor444@example.com,81043,Engineering
445,James,King,james.king445@example.com,87198,Operations
446,Patricia,Anderson,patricia.anderson446@example.com,77456,Finance
447,Olivia,Wilson,olivia.wilson447@example.com,62519,Finance
448,Chloe,Jackson,chloe.jackson448@example.com,69471,Finance
449,Ryan,Johnson,ryan.johnson449@example.com,83972,Engineering
450,George,Martin,george.martin450@example.com,85124,Support
451,Daniel,White,daniel.white451@example.com,86693,Sales
452,Robert,Wright,robert.wright452@example.com,71023,HR
453,Susan,Young,susan.young453@example.com,48228,Engineering
454,James,Wilson,james.wilson454@example.com,62602,Operations
455,George,Johnson,george.johnson455@example.com,64918,Finance
456,Nancy,Wilson,nancy.wilson456@example.com,78571,Support
457,Sophia,Clark,sophia.clark457@example.com,57383,HR
458,Linda,Johnson,linda.johnson458@example.com,72468,Support
459,Susan,Taylor,susan.taylor459@example.com,62618,Support
460,Daniel,Johnson,daniel.johnson460@example.com,72445,Support
461,David,Wright,david.wright461@example.com,46600,Engineering
462,Robert,Taylor,robert.taylor462@example.com,79402,Support
463,John,Anderson,john.anderson463@example.com,56959,Engineering
464,Linda,Lee,linda.lee464@example.com,64503,Support
465,Susan,Taylor,susan.taylor465@example.com,51048,Operations
466,Chloe,Taylor,chloe.taylor466@example.com,80079,Operations
467,Patricia,Johnson,patricia.johnson467@example.com,72767,HR
468,Sophia,Lewis,sophia.lewis468@example.com,76937,Support
469,James,Wilson,james.wilson469@example.com,44634,HR
470,Ryan,Allen,ryan.allen470@example.com,81713,Engineering
471,Kevin,Wright,kevin.wright471@example.com,40272,HR
472,Michael,Wright,michael.wright472@example.com,88946,Engineering
473,Linda,Jackson,linda.jackson473@example.com,80160,HR
474,Robert,King,robert.king474@example.com,86695,Finance
475,George,Taylor,george.taylor475@example.com,64371,Support
476,Jane,Clark,jane.clark476@example.com,42641,Operations
477,George,Anderson,george.anderson477@example.com,74041,Finance
478,John,Martin,john.martin478@example.com,80141,Support
479,Michael,Lewis,michael.lewis479@example.com,53801,Support
480,Michael,Wilson,michael.wilson480@example.com,73807,Engineering
481,Chloe,Wright,chloe.wright481@example.com,71728,HR
482,Robert,Lewis,robert.lewis482@example.com,66332,Sales
483,James,Jackson,james.jackson483@example.com,58411,HR
484,Michael,Martin,michael.martin484@example.com,72566,Finance
485,Daniel,Young,daniel.young485@example.com,48472,HR
486,David,Doe,david.doe486@example.com,89903,Finance
487,Ryan,Smith,ryan.smith487@example.com,45227,Engineering
488,Peter,Anderson,peter.anderson488@example.com,88693,Engineering
489,Nancy,Doe,nancy.doe489@example.com,76768,HR
490,John,Taylor,john.taylor490@example.com,81545,HR
491,Olivia,White,olivia.white491@example.com,46943,Support
492,Daniel,Clark,daniel.clark492@example.com,64092,Finance
493,Chloe,Lewis,chloe.lewis493@example.com,59481,HR
494,Kevin,Lewis,kevin.lewis494@example.com,85199,HR
495,Linda,Brown,linda.brown495@example.com,58205,Marketing
496,Nancy,Taylor,nancy.taylor496@example.com,80966,Marketing
497,Susan,Lewis,susan.lewis497@example.com,81244,HR
498,Patricia,Young,patricia.young498@example.com,42350,Sales
499,Sophia,White,sophia.white499@example.com,70981,HR
500,Daniel,Johnson,daniel.johnson500@example.com,53465,Marketing
501,Patricia,Anderson,patricia.anderson501@example.com,51311,Engineering
502,Jane,Taylor,jane.taylor502@example.com,77160,Operations
503,Patricia,King,patricia.king503@example.com,69820,Support
504,Susan,Lee,susan.lee504@example.com,87544,HR
505,Laura,Martin,laura.martin505@example.com,55271,Marketing
506,George,Wilson,george.wilson506@example.com,43713,Marketing
507,Jane,Brown,jane.brown507@example.com,47801,Operations
508,David,Wilson,david.wilson508@example.com,47660,Support
509,Kevin,Clark,kevin.clark509@example.com,45067,Engineering
510,Robert,Brown,robert.brown510@example.com,56521,Sales
511,Peter,White,peter.white511@example.com,46793,Marketing
512,Chloe,Clark,chloe.clark512@example.com,41470,Support
513,Robert,Jackson,robert.jackson513@example.com,61259,Engineering
514,Linda,Taylor,linda.taylor514@example.com,54918,HR
515,Emily,Smith,emily.smith515@example.com,46452,Engineering
516,Linda,Brown,linda.brown516@example.com,47202,Support
517,James,Taylor,james.taylor517@example.com,57404,HR
518,Nancy,Jackson,nancy.jackson518@example.com,78067,Marketing
519,Robert,Walker,robert.walker519@example.com,58731,Support
520,Sophia,Wilson,sophia.wilson520@example.com,41553,Operations
521,James,Wilson,james.wilson521@example.com,56689,Marketing
522,Patricia,Smith,patricia.smith522@example.com,74674,Support
523,James,Allen,james.allen523@example.com,80432,Marketing
524,Peter,Johnson,peter.johnson524@example.com,45476,Marketing
525,Nancy,Brown,nancy.brown525@example.com,89972,Operations
526,Olivia,Wilson,olivia.wilson526@example.com,49467,Marketing
527,George,Wright,george.wright527@example.com,72886,Support
528,Laura,Smith,laura.smith528@example.com,55776,HR
529,Kevin,Brown,kevin.brown529@example.com,86729,Marketing
530,John,Taylor,john.taylor530@example.com,63492,Finance
531,Kevin,King,kevin.king531@example.com,46967,HR
532,Sophia,Clark,sophia.clark532@example.com,85014,Operations
533,Patricia,Anderson,patricia.anderson533@example.com,51678,Marketing
534,James,Lewis,james.lewis534@example.com,40461,HR
535,Peter,Anderson,peter.anderson535@example.com,77766,Finance
536,Chloe,Clark,chloe.clark536@example.com,76406,Operations
537,Ryan,Young,ryan.young537@example.com,65224,Support
538,Sophia,King,sophia.king538@example.com,63207,Support
539,John,White,john.white539@example.com,52179,HR
540,Peter,Hall,peter.hall540@example.com,48234,Marketing
541,John,Lewis,john.lewis541@example.com,89624,HR
542,Kevin,Wilson,kevin.wilson542@example.com,62361,Operations
543,Daniel,Young,daniel.young543@example.com,81374,Marketing
544,Robert,Clark,robert.clark544@example.com,57008,Operations
545,Linda,Martin,linda.martin545@example.com,52588,Engineering
546,Kevin,Taylor,kevin.taylor546@example.com,58984,Support
547,John,Young,john.young547@example.com,41274,Marketing
548,Kevin,Clark,kevin.clark548@example.com,68837,Sales
549,James,Johnson,james.johnson549@example.com,78961,Support
550,Michael,Doe,michael.doe550@example.com,77841,Finance
551,Chloe,King,chloe.king551@example.com,41947,HR
552,George,King,george.king552@example.com,78136,HR
553,Peter,Anderson,peter.anderson553@example.com,51051,Operations
554,David,Anderson,david.anderson554@example.com,70061,Sales
555,Olivia,Brown,olivia.brown555@example.com,70364,Operations
556,Robert,Wright,robert.wright556@example.com,82619,Finance
557,James,Smith,james.smith557@example.com,77303,HR
558,Robert,Hall,robert.hall558@example.com,61693,Marketing
559,Peter,Lewis,peter.lewis559@example.com,44844,HR
560,Linda,Allen,linda.allen560@example.com,55151,Finance
561,Ryan,Clark,ryan.clark561@example.com,69010,Operations
562,Emily,Taylor,emily.taylor562@example.com,69839,Operations
563,Susan,Clark,susan.clark563@example.com,73098,Operations
564,Olivia,Lee,olivia.lee564@example.com,69854,Operations
565,James,Smith,james.smith565@example.com,57014,HR
566,George,Young,george.young566@example.com,53040,Engineering
567,Peter,King,peter.king567@example.com,85631,Marketing
568,Nancy,Young,nancy.young568@example.com,46029,HR
569,John,Wilson,john.wilson569@example.com,60820,Sales
570,Peter,Wilson,peter.wilson570@example.com,67808,Marketing
571,David,White,david.white571@example.com,42850,Sales
572,Chloe,Jackson,chloe.jackson572@example.com,59729,Support
573,James,Clark,james.clark573@example.com,71756,Sales
574,Emily,Walker,emily.walker574@example.com,56320,Marketing
575,Emily,Hall,emily.hall575@example.com,85608,Operations
576,Emily,Walker,emily.walker576@example.com,65118,Operations
577,Peter,Doe,peter.doe577@example.com,63372,Support
578,Nancy,Wilson,nancy.wilson578@example.com,43850,Operations
579,Sophia,Hall,sophia.hall579@example.com,59604,Sales
580,Susan,Jackson,susan.jackson580@example.com,72104,Support
581,James,Johnson,james.johnson581@example.com,60705,HR
582,George,Taylor,george.taylor582@example.com,74347,Operations
583,Susan,Wilson,susan.wilson583@example.com,88323,Marketing
584,Patricia,Allen,patricia.allen584@example.com,63634,Marketing
585,Laura,Lewis,laura.lewis585@example.com,60453,Engineering
586,Ryan,Wright,ryan.wright586@example.com,64880,Support
587,David,Young,david.young587@example.com,58672,HR
588,Robert,Taylor,robert.taylor588@example.com,40482,Engineering
589,Linda,Thomas,linda.thomas589@example.com,87118,Marketing
590,Linda,Brown,linda.brown590@example.com,81027,Marketing
591,David,Clark,david.clark591@example.com,49830,Sales
592,Susan,Brown,susan.brown592@example.com,89527,Engineering
593,Daniel,Doe,daniel.doe593@example.com,49310,HR
594,George,Brown,george.brown594@example.com,85106,Engineering
595,Michael,Taylor,michael.taylor595@example.com,78822,Finance
596,Kevin,Lee,kevin.lee596@example.com,77301,HR
597,Linda,King,linda.king597@example.com,59012,Finance
598,David,Anderson,david.anderson598@example.com,62175,Marketing
599,Linda,Taylor,linda.taylor599@example.com,70529,Sales
600,Olivia,Wilson,olivia.wilson600@example.com,81013,Support
601,Michael,Clark,michael.clark601@example.com,65421,Engineering
602,Chloe,Walker,chloe.walker602@example.com,40085,Marketing
603,Michael,Thomas,michael.thomas603@example.com,60167,Sales
604,Emily,Martin,emily.martin604@example.com,77141,Support
605,James,Wright,james.wright605@example.com,44201,HR
606,Robert,Clark,robert.clark606@example.com,47338,Operations
607,George,Wilson,george.wilson607@example.com,43741,Engineering
608,Kevin,Wright,kevin.wright608@example.com,70813,Sales
609,Jane,Wright,jane.wright609@example.com,84543,Sales
610,John,Young,john.young610@example.com,47605,Finance
611,Sophia,Martin,sophia.martin611@example.com,43094,Finance
612,Nancy,Allen,nancy.allen612@example.com,71902,Marketing
613,Olivia,Walker,olivia.walker613@example.com,44882,Marketing
614,Olivia,Jackson,olivia.jackson614@example.com,41878,Sales
615,James,Lewis,james.lewis615@example.com,40857,Engineering
616,Patricia,Johnson,patricia.johnson616@example.com,86342,Operations
617,Olivia,Taylor,olivia.taylor617@example.com,69304,Support
618,John,Smith,john.smith618@example.com,72581,Engineering
619,David,Young,david.young619@example.com,69914,Engineering
620,Ryan,Walker,ryan.walker620@example.com,63963,Sales
621,James,Jackson,james.jackson621@example.com,58242,HR
622,Peter,Jackson,peter.jackson622@example.com,41740,HR
623,Sophia,Clark,sophia.clark623@example.com,52590,Sales
624,Jane,Smith,jane.smith624@example.com,41337,Engineering
625,Daniel,Jackson,daniel.jackson625@example.com,51284,Finance
626,David,Hall,david.hall626@example.com,45795,Operations
627,Peter,Smith,peter.smith627@example.com,66399,Marketing
628,Olivia,Smith,olivia.smith628@example.com,73223,Sales
629,Ryan,Brown,ryan.brown629@example.com,73097,Marketing
630,Susan,Thomas,susan.thomas630@example.com,44808,Marketing
631,Olivia,King,olivia.king631@example.com,84180,Finance
632,David,Allen,david.allen632@example.com,86998,Marketing
633,George,Brown,george.brown633@example.com,59753,Operations
634,Susan,Wilson,susan.wilson634@example.com,75492,Marketing
635,Michael,Doe,michael.doe635@example.com,52823,Marketing
636,Peter,Jackson,peter.jackson636@example.com,40668,HR
637,Sophia,Anderson,sophia.anderson637@example.com,59550,Support
638,Robert,Doe,robert.doe638@example.com,48225,Sales
639,Robert,Thomas,robert.thomas639@example.com,69734,Sales
640,Nancy,Thomas,nancy.thomas640@example.com,52690,HR
641,Emily,Taylor,emily.taylor641@example.com,84782,HR
642,Olivia,Jackson,olivia.jackson642@example.com,76188,Finance
643,Sophia,Hall,sophia.hall643@example.com,46810,Support
644,John,Lewis,john.lewis644@example.com,53438,Sales
645,Susan,Martin,susan.martin645@example.com,68650,Support
646,Ryan,Doe,ryan.doe646@example.com,50238,Engineering
647,Jane,Wright,jane.wright647@example.com,53457,HR
648,David,Doe,david.doe648@example.com,74551,HR
649,Linda,Clark,linda.clark649@example.com,79260,Operations
650,Robert,Smith,robert.smith650@example.com,75114,Engineering
651,David,Doe,david.doe651@example.com,57381,HR
652,Patricia,Lewis,patricia.lewis652@example.com,64519,Sales
653,Susan,Martin,susan.martin653@example.com,69059,Marketing
654,Michael,Allen,michael.allen654@example.com,49388,Operations
655,Ryan,Young,ryan.young655@example.com,63392,Finance
656,Olivia,Wilson,olivia.wilson656@example.com,88111,Operations
657,James,Thomas,james.thomas657@example.com,51026,Support
658,James,Wright,james.wright658@example.com,84968,Finance
659,Ryan,Jackson,ryan.jackson659@example.com,52447,Operations
660,Sophia,Walker,sophia.walker660@example.com,44317,Engineering
661,Daniel,Jackson,daniel.jackson661@example.com,68279,Sales
662,George,Anderson,george.anderson662@example.com,50152,Sales
663,Peter,King,peter.king663@example.com,72326,HR
664,John,Smith,john.smith664@example.com,89655,Finance
665,Emily,Walker,emily.walker665@example.com,50854,Finance
666,Emily,King,emily.king666@example.com,66157,Engineering
667,David,Thomas,david.thomas667@example.com,60389,Engineering
668,Patricia,Smith,patricia.smith668@example.com,71704,Support
669,George,Martin,george.martin669@example.com,52839,Engineering
670,Susan,Jackson,susan.jackson670@example.com,62381,Support
671,Robert,Clark,robert.clark671@example.com,53200,HR
672,Laura,Johnson,laura.johnson672@example.com,73294,Finance
673,Chloe,White,chloe.white673@example.com,43858,Finance
674,John,Jackson,john.jackson674@example.com,50197,Sales
675,Robert,Martin,robert.martin675@example.com,63713,Marketing
676,Susan,Doe,susan.doe676@example.com,85034,Support
677,Robert,Thomas,robert.thomas677@example.com,55083,Engineering
678,David,Lewis,david.lewis678@example.com,88259,Sales
679,Nancy,White,nancy.white679@example.com,41805,Sales
680,Nancy,Wilson,nancy.wilson680@example.com,57305,Marketing
681,John,Brown,john.brown681@example.com,49907,Sales
682,Kevin,Thomas,kevin.thomas682@example.com,59021,HR
683,Linda,White,linda.white683@example.com,74457,Sales
684,Patricia,Walker,patricia.walker684@example.com,62855,Operations
685,Ryan,Taylor,ryan.taylor685@example.com,69628,Finance
686,Olivia,Walker,olivia.walker686@example.com,61482,Operations
687,Laura,Wilson,laura.wilson687@example.com,85380,Sales
688,Patricia,Lee,patricia.lee688@example.com,58913,Finance
689,James,Doe,james.doe689@example.com,76367,Finance
690,David,Doe,david.doe690@example.com,52023,Operations
691,Linda,Martin,linda.martin691@example.com,44836,Engineering
692,Sophia,Thomas,sophia.thomas692@example.com,78483,Engineering
693,Linda,Clark,linda.clark693@example.com,65463,Engineering
694,Ryan,King,ryan.king694@example.com,45250,Engineering
695,Daniel,Wilson,daniel.wilson695@example.com,72910,Sales
696,Linda,Clark,linda.clark696@example.com,54629,Marketing
697,Jane,Doe,jane.doe697@example.com,55919,Engineering
698,David,Lewis,david.lewis698@example.com,54090,HR
699,Susan,Hall,susan.hall699@example.com,62864,Sales
700,George,Lee,george.lee700@example.com,50781,Sales
701,David,Clark,david.clark701@example.com,48192,Support
702,John,Wilson,john.wilson702@example.com,61485,Engineering
703,Peter,Clark,peter.clark703@example.com,88725,Sales
704,Susan,Jackson,susan.jackson704@example.com,76894,Marketing
705,David,Martin,david.martin705@example.com,46827,Sales
706,Laura,Brown,laura.brown706@example.com,78662,Sales
707,John,Clark,john.clark707@example.com,51802,Sales
708,Kevin,Smith,kevin.smith708@example.com,42263,Sales
709,Sophia,King,sophia.king709@example.com,44795,HR
710,Daniel,Lee,daniel.lee710@example.com,87948,Finance
711,Kevin,Walker,kevin.walker711@example.com,54900,Sales
712,Peter,Lewis,peter.lewis712@example.com,52922,Support
713,John,Young,john.young713@example.com,46368,HR
714,Emily,Wilson,emily.wilson714@example.com,84463,Engineering
715,Susan,Young,susan.young715@example.com,66052,Sales
716,John,Martin,john.martin716@example.com,49673,Operations
717,Ryan,Jackson,ryan.jackson717@example.com,68260,Sales
718,Michael,Young,michael.young718@example.com,40667,Marketing
719,Robert,Jackson,robert.jackson719@example.com,51208,Operations
720,Sophia,Smith,sophia.smith720@example.com,72002,Support
721,James,King,james.king721@example.com,42865,HR
722,Sophia,Wilson,sophia.wilson722@example.com,89120,Support
723,Linda,Clark,linda.clark723@example.com,45129,Finance
724,James,Thomas,james.thomas724@example.com,67623,Support
725,Michael,Wright,michael.wright725@example.com,49437,Engineering
726,Linda,Doe,linda.doe726@example.com,76404,Operations
727,David,Johnson,david.johnson727@example.com,87818,Engineering
728,Emily,Allen,emily.allen728@example.com,86808,Support
729,Emily,Allen,emily.allen729@example.com,57992,Engineering
730,Peter,Allen,peter.allen730@example.com,55129,Engineering
731,Susan,King,susan.king731@example.com,65985,Marketing
732,Michael,Doe,michael.doe732@example.com,50432,Operations
733,Kevin,Young,kevin.young733@example.com,56245,Operations
734,Chloe,White,chloe.white734@example.com,56338,Engineering
735,Nancy,Anderson,nancy.anderson735@example.com,62329,HR
736,Patricia,Lewis,patricia.lewis736@example.com,43009,Sales
737,Sophia,White,sophia.white737@example.com,68902,Operations
738,Sophia,Johnson,sophia.johnson738@example.com,46214,Sales
739,Patricia,Anderson,patricia.anderson739@example.com,79248,Finance
740,Ryan,Hall,ryan.hall740@example.com,66069,Sales
741,Sophia,Wright,sophia.wright741@example.com,89506,Marketing
742,Susan,Lewis,susan.lewis742@example.com,46410,Support
743,John,White,john.white743@example.com,69360,Finance
744,Chloe,Taylor,chloe.taylor744@example.com,76051,Engineering
745,John,Clark,john.clark745@example.com,59485,Finance
746,Susan,Martin,susan.martin746@example.com,75399,HR
747,Susan,White,susan.white747@example.com,45985,Engineering
748,Susan,Martin,susan.martin748@example.com,53965,Finance
749,Daniel,Young,daniel.young749@example.com,65748,Finance
750,Ryan,Jackson,ryan.jackson750@example.com,58178,Support
751,Jane,Walker,jane.walker751@example.com,87068,Sales
752,David,Jackson,david.jackson752@example.com,74175,Support
753,John,King,john.king753@example.com,59667,Marketing
754,Michael,Jackson,michael.jackson754@example.com,68384,Operations
755,Robert,Jackson,robert.jackson755@example.com,75329,Sales
756,Laura,Thomas,laura.thomas756@example.com,89936,HR
757,Ryan,Brown,ryan.brown757@example.com,71109,Support
758,Jane,Walker,jane.walker758@example.com,50617,Marketing
759,Daniel,Martin,daniel.martin759@example.com,68064,Engineering
760,Daniel,Brown,daniel.brown760@example.com,76770,Finance
761,Emily,Smith,emily.smith761@example.com,57357,Operations
762,Laura,Doe,laura.doe762@example.com,73411,Support
763,Chloe,Taylor,chloe.taylor763@example.com,70215,Engineering
764,Kevin,Martin,kevin.martin764@example.com,75753,Engineering
765,Patricia,Jackson,patricia.jackson765@example.com,70284,Finance
766,Emily,Young,emily.young766@example.com,72270,Support
767,Nancy,Brown,nancy.brown767@example.com,84700,Support
768,Michael,Thomas,michael.thomas768@example.com,87095,Marketing
769,Susan,Smith,susan.smith769@example.com,41433,HR
770,Daniel,Thomas,daniel.thomas770@example.com,44244,Engineering
771,David,Anderson,david.anderson771@example.com,76697,Engineering
772,Susan,White,susan.white772@example.com,83064,Marketing
773,Patricia,Smith,patricia.smith773@example.com,80002,Operations
774,Jane,Wright,jane.wright774@example.com,83280,Operations
775,John,Jackson,john.jackson775@example.com,52073,Engineering
776,George,Johnson,george.johnson776@example.com,64691,Sales
777,John,Wright,john.wright777@example.com,51904,Engineering
778,Patricia,Wright,patricia.wright778@example.com,46817,HR
779,Susan,Young,susan.young779@example.com,65784,Marketing
780,Peter,Hall,peter.hall780@example.com,67379,Engineering
781,Peter,White,peter.white781@example.com,61776,Marketing
782,David,King,david.king782@example.com,66732,Finance
783,Patricia,Brown,patricia.brown783@example.com,60025,Finance
784,Nancy,Young,nancy.young784@example.com,49788,Sales
785,Chloe,Brown,chloe.brown785@example.com,45370,Engineering
786,Patricia,Hall,patricia.hall786@example.com,66554,Operations
787,Susan,Wright,susan.wright787@example.com,85329,Sales
788,Peter,White,peter.white788@example.com,62756,Marketing
789,Laura,Wilson,laura.wilson789@example.com,46027,Finance
790,Ryan,Clark,ryan.clark790@example.com,89281,HR
791,Ryan,Jackson,ryan.jackson791@example.com,89015,Engineering
792,Kevin,Anderson,kevin.anderson792@example.com,44651,Marketing
793,Linda,Johnson,linda.johnson793@example.com,68885,Finance
794,Linda,Young,linda.young794@example.com,71153,Operations
795,David,Smith,david.smith795@example.com,73067,Operations
796,David,Hall,david.hall796@example.com,79838,Engineering
797,David,White,david.white797@example.com,69233,Support
798,Emily,Walker,emily.walker798@example.com,78388,Operations
799,Michael,Lewis,michael.lewis799@example.com,74433,Operations
800,Peter,Lee,peter.lee800@example.com,62347,Support
801,Jane,Brown,jane.brown801@example.com,75291,Marketing
802,Ryan,King,ryan.king802@example.com,48414,HR
803,Nancy,Young,nancy.young803@example.com,66176,Sales
804,Ryan,Brown,ryan.brown804@example.com,48514,Support
805,James,Hall,james.hall805@example.com,71264,HR
806,Patricia,Clark,patricia.clark806@example.com,62933,Engineering
807,Jane,White,jane.white807@example.com,80880,Operations
808,Michael,Smith,michael.smith808@example.com,52407,Marketing
809,Linda,Lee,linda.lee809@example.com,61800,Sales
810,Susan,Walker,susan.walker810@example.com,54549,HR
811,Michael,Smith,michael.smith811@example.com,52607,Engineering
812,James,Smith,james.smith812@example.com,62155,HR
813,Patricia,Wilson,patricia.wilson813@example.com,84625,Marketing
814,James,Allen,james.allen814@example.com,45856,Sales
815,Nancy,Walker,nancy.walker815@example.com,57301,HR
816,Daniel,Brown,daniel.brown816@example.com,43233,Finance
817,Ryan,Lewis,ryan.lewis817@example.com,64091,Sales
818,Linda,Lewis,linda.lewis818@example.com,40172,Sales
819,David,White,david.white819@example.com,83281,HR
820,Olivia,Anderson,olivia.anderson820@example.com,42642,Engineering
821,Ryan,Walker,ryan.walker821@example.com,88257,Sales
822,Michael,Wilson,michael.wilson822@example.com,50317,Engineering
823,Peter,Lee,peter.lee823@example.com,64425,Operations
824,Ryan,Anderson,ryan.anderson824@example.com,46902,Engineering
825,Patricia,Walker,patricia.walker825@example.com,58310,Support
826,Linda,Allen,linda.allen826@example.com,54961,Engineering
827,David,Jackson,david.jackson827@example.com,79309,Engineering
828,John,Lewis,john.lewis828@example.com,49844,Marketing
829,Robert,Young,robert.young829@example.com,54401,Operations
830,Peter,Hall,peter.hall830@example.com,71514,Support
831,Nancy,Doe,nancy.doe831@example.com,43038,Finance
832,Ryan,Doe,ryan.doe832@example.com,64882,Operations
833,Peter,Smith,peter.smith833@example.com,75487,Marketing
834,James,Wilson,james.wilson834@example.com,80275,Finance
835,Susan,Young,susan.young835@example.com,48986,Sales
836,Emily,Doe,emily.doe836@example.com,55318,Support
837,Jane,Wilson,jane.wilson837@example.com,44352,Engineering
838,Emily,Jackson,emily.jackson838@example.com,58085,Marketing
839,Susan,Johnson,susan.johnson839@example.com,88806,Marketing
840,Laura,Allen,laura.allen840@example.com,54278,Marketing
841,Susan,Thomas,susan.thomas841@example.com,63540,Finance
842,Emily,Clark,emily.clark842@example.com,54763,Operations
843,Linda,Lewis,linda.lewis843@example.com,84292,Operations
844,Jane,Wright,jane.wright844@example.com,50635,Marketing
845,James,Young,james.young845@example.com,57773,Marketing
846,John,Brown,john.brown846@example.com,56972,Support
847,Patricia,White,patricia.white847@example.com,64922,Sales
848,Emily,Brown,emily.brown848@example.com,52634,Sales
849,Linda,White,linda.white849@example.com,63825,Operations
850,George,Taylor,george.taylor850@example.com,47032,Sales
851,Susan,Allen,susan.allen851@example.com,44397,Marketing
852,Nancy,Martin,nancy.martin852@example.com,69930,Support
853,Kevin,Jackson,kevin.jackson853@example.com,51086,Sales
854,Kevin,White,kevin.white854@example.com,45510,Finance
855,David,Allen,david.allen855@example.com,54865,Marketing
856,Olivia,Anderson,olivia.anderson856@example.com,54411,HR
857,Patricia,Walker,patricia.walker857@example.com,67061,Support
858,David,White,david.white858@example.com,72136,Support
859,Patricia,Anderson,patricia.anderson859@example.com,47214,Sales
860,Emily,Smith,emily.smith860@example.com,72879,Support
861,Nancy,Johnson,nancy.johnson861@example.com,59294,Support
862,David,Smith,david.smith862@example.com,63008,Operations
863,Jane,Taylor,jane.taylor863@example.com,53304,Finance
864,Linda,Allen,linda.allen864@example.com,42561,Finance
865,Sophia,Doe,sophia.doe865@example.com,78387,HR
866,Chloe,Smith,chloe.smith866@example.com,63663,Support
867,Robert,Lewis,robert.lewis867@example.com,80810,Operations
868,Linda,Brown,linda.brown868@example.com,87811,HR
869,Nancy,Walker,nancy.walker869@example.com,62460,Sales
870,Sophia,Smith,sophia.smith870@example.com,46406,Support
871,Sophia,Doe,sophia.doe871@example.com,67680,Support
872,George,Johnson,george.johnson872@example.com,86164,Operations
873,Ryan,Lewis,ryan.lewis873@example.com,54957,Support
874,Chloe,Anderson,chloe.anderson874@example.com,69760,Engineering
875,John,Martin,john.martin875@example.com,53984,Marketing
876,Robert,Hall,robert.hall876@example.com,56691,Support
877,Susan,Doe,susan.doe877@example.com,40025,Operations
878,Olivia,Lewis,olivia.lewis878@example.com,77933,Operations
879,Michael,Jackson,michael.jackson879@example.com,55873,Support
880,Patricia,Brown,patricia.brown880@example.com,40804,Sales
881,James,Thomas,james.thomas881@example.com,75467,Marketing
882,Nancy,King,nancy.king882@example.com,80140,Support
883,Kevin,Lewis,kevin.lewis883@example.com,58379,Finance
884,Jane,Hall,jane.hall884@example.com,82834,Operations
885,Olivia,Brown,olivia.brown885@example.com,51391,Sales
886,Robert,Thomas,robert.thomas886@example.com,42585,Support
887,Patricia,Wilson,patricia.wilson887@example.com,85763,Finance
888,James,Hall,james.hall888@example.com,50299,HR
889,James,Lee,james.lee889@example.com,63053,Support
890,David,Thomas,david.thomas890@example.com,82519,Support
891,Daniel,Taylor,daniel.taylor891@example.com,49446,Sales
892,George,Young,george.young892@example.com,65519,Support
893,Ryan,Wright,ryan.wright893@example.com,80813,Marketing
894,John,Wright,john.wright894@example.com,63994,Operations
895,Robert,Clark,robert.clark895@example.com,70815,Marketing
896,Olivia,Walker,olivia.walker896@example.com,79301,HR
897,James,Clark,james.clark897@example.com,76567,Marketing
898,Jane,Brown,jane.brown898@example.com,41969,HR
899,John,Wilson,john.wilson899@example.com,54056,Engineering
900,Ryan,Walker,ryan.walker900@example.com,82968,HR
901,Kevin,Smith,kevin.smith901@example.com,80085,Sales
902,Jane,Martin,jane.martin902@example.com,55242,Sales
903,George,Walker,george.walker903@example.com,68827,Support
904,Robert,Jackson,robert.jackson904@example.com,79644,Marketing
905,Peter,Doe,peter.doe905@example.com,65411,Operations
906,Ryan,Wright,ryan.wright906@example.com,61999,Sales
907,David,Thomas,david.thomas907@example.com,68479,Operations
908,Kevin,Hall,kevin.hall908@example.com,79061,Engineering
909,Emily,Brown,emily.brown909@example.com,79853,HR
910,Susan,Young,susan.young910@example.com,85179,Marketing
911,Nancy,Smith,nancy.smith911@example.com,57805,Engineering
912,Daniel,Martin,daniel.martin912@example.com,59773,Operations
913,Robert,White,robert.white913@example.com,65264,Operations
914,Daniel,Brown,daniel.brown914@example.com,89643,HR
915,Peter,Walker,peter.walker915@example.com,57486,Engineering
916,Kevin,Brown,kevin.brown916@example.com,84876,Engineering
917,Linda,Clark,linda.clark917@example.com,56682,Sales
918,Ryan,Johnson,ryan.johnson918@example.com,46372,Support
919,Peter,White,peter.white919@example.com,55179,Finance
920,Olivia,Doe,olivia.doe920@example.com,63045,HR
921,Robert,Wilson,robert.wilson921@example.com,41492,Sales
922,Daniel,Martin,daniel.martin922@example.com,49757,HR
923,Nancy,Doe,nancy.doe923@example.com,87894,Marketing
924,Daniel,Wright,daniel.wright924@example.com,64299,HR
925,Emily,Hall,emily.hall925@example.com,73067,Support
926,Laura,Anderson,laura.anderson926@example.com,58855,Finance
927,Kevin,Wright,kevin.wright927@example.com,41012,Sales
928,David,Doe,david.doe928@example.com,85624,Operations
929,Emily,Martin,emily.martin929@example.com,81433,Finance
930,Kevin,Young,kevin.young930@example.com,77839,Marketing
931,John,Thomas,john.thomas931@example.com,68259,Finance
932,Olivia,Doe,olivia.doe932@example.com,62610,Sales
933,David,Wilson,david.wilson933@example.com,45658,HR
934,Chloe,Young,chloe.young934@example.com,73461,Operations
935,David,Lee,david.lee935@example.com,79701,Operations
936,Peter,Walker,peter.walker936@example.com,73411,Engineering
937,Olivia,Smith,olivia.smith937@example.com,49758,Finance
938,James,Wilson,james.wilson938@example.com,59156,Support
939,Sophia,Thomas,sophia.thomas939@example.com,76602,Support
940,Emily,Young,emily.young940@example.com,79885,Marketing
941,Daniel,Johnson,daniel.johnson941@example.com,79646,HR
942,Laura,Walker,laura.walker942@example.com,50394,Operations
943,Ryan,Lewis,ryan.lewis943@example.com,59953,Finance
944,Ryan,Jackson,ryan.jackson944@example.com,69354,Engineering
945,Nancy,Anderson,nancy.anderson945@example.com,40585,Engineering
946,Sophia,Smith,sophia.smith946@example.com,67468,Marketing
947,Sophia,Walker,sophia.walker947@example.com,73201,Finance
948,Daniel,Jackson,daniel.jackson948@example.com,53516,HR
949,Sophia,Walker,sophia.walker949@example.com,66676,Marketing
950,Emily,Clark,emily.clark950@example.com,87522,Finance
951,Kevin,Taylor,kevin.taylor951@example.com,59930,HR
952,Chloe,Taylor,chloe.taylor952@example.com,43426,Sales
953,James,Brown,james.brown953@example.com,55743,HR
954,Daniel,Hall,daniel.hall954@example.com,64806,HR
955,John,Anderson,john.anderson955@example.com,44833,HR
956,Kevin,Jackson,kevin.jackson956@example.com,82745,Operations
957,Emily,Hall,emily.hall957@example.com,79073,Support
958,John,Jackson,john.jackson958@example.com,49166,HR
959,Emily,Lewis,emily.lewis959@example.com,88398,Engineering
960,Linda,Allen,linda.allen960@example.com,73556,Sales
961,Michael,Allen,michael.allen961@example.com,84414,Marketing
962,John,Johnson,john.johnson962@example.com,48798,HR
963,Sophia,Smith,sophia.smith963@example.com,42297,Engineering
964,David,Doe,david.doe964@example.com,49277,Operations
965,George,Taylor,george.taylor965@example.com,70419,Support
966,Patricia,Doe,patricia.doe966@example.com,75166,Sales
967,Robert,White,robert.white967@example.com,44806,Marketing
968,Ryan,Wright,ryan.wright968@example.com,44823,Engineering
969,Peter,Walker,peter.walker969@example.com,70691,Operations
970,Jane,King,jane.king970@example.com,47438,HR
971,David,Wilson,david.wilson971@example.com,82654,Operations
972,David,Wilson,david.wilson972@example.com,60184,Operations
973,Chloe,Taylor,chloe.taylor973@example.com,48169,HR
974,Laura,Smith,laura.smith974@example.com,41942,Support
975,Daniel,Smith,daniel.smith975@example.com,46181,Operations
976,Ryan,Lewis,ryan.lewis976@example.com,86267,Support
977,Jane,Lee,jane.lee977@example.com,57027,Operations
978,Ryan,Anderson,ryan.anderson978@example.com,69845,Operations
979,Sophia,Clark,sophia.clark979@example.com,82255,Sales
980,Daniel,Lewis,daniel.lewis980@example.com,54445,Operations
981,Jane,White,jane.white981@example.com,88223,Support
982,Linda,Allen,linda.allen982@example.com,84482,Marketing
983,Daniel,Hall,daniel.hall983@example.com,68287,Support
984,Nancy,Brown,nancy.brown984@example.com,77272,Sales
985,Michael,Walker,michael.walker985@example.com,85189,Marketing
986,Daniel,Lee,daniel.lee986@example.com,45263,HR
987,Robert,Brown,robert.brown987@example.com,58262,Finance
988,Jane,Clark,jane.clark988@example.com,66982,Operations
989,Daniel,Lewis,daniel.lewis989@example.com,68777,Engineering
990,Laura,Clark,laura.clark990@example.com,41792,Marketing
991,Jane,Wilson,jane.wilson991@example.com,48836,Finance
992,Robert,Young,robert.young992@example.com,51305,Operations
993,Daniel,Taylor,daniel.taylor993@example.com,40867,Finance
994,Daniel,Doe,daniel.doe994@example.com,85278,HR
995,John,Martin,john.martin995@example.com,44765,Finance
996,Daniel,Thomas,daniel.thomas996@example.com,40127,Sales
997,Ryan,Jackson,ryan.jackson997@example.com,68141,HR
998,Chloe,White,chloe.white998@example.com,70918,Marketing
999,Sophia,Hall,sophia.hall999@example.com,77591,HR
1000,Susan,Allen,susan.allen1000@example.com,56644,Support
